[{"model": "ecommerce.userprofile", "pk": 1, "fields": {"user": 2, "mobile": ""}}, {"model": "ecommerce.userprofile", "pk": 2, "fields": {"user": 3, "mobile": ""}}, {"model": "ecommerce.userprofile", "pk": 3, "fields": {"user": 4, "mobile": ""}}, {"model": "ecommerce.userprofile", "pk": 4, "fields": {"user": 5, "mobile": ""}}, {"model": "ecommerce.userprofile", "pk": 5, "fields": {"user": 6, "mobile": ""}}, {"model": "ecommerce.userprofile", "pk": 6, "fields": {"user": 7, "mobile": ""}}, {"model": "ecommerce.userprofile", "pk": 7, "fields": {"user": 8, "mobile": ""}}, {"model": "ecommerce.userprofile", "pk": 8, "fields": {"user": 9, "mobile": ""}}, {"model": "ecommerce.brand", "pk": 1, "fields": {"name": "Mridani"}}, {"model": "ecommerce.category", "pk": 1, "fields": {"name": "Saree"}}, {"model": "ecommerce.category", "pk": 2, "fields": {"name": "Kurti"}}, {"model": "ecommerce.collection", "pk": 1, "fields": {"name": "hastkaari-madhubani"}}, {"model": "ecommerce.collection", "pk": 2, "fields": {"name": "bandhika-madhubani"}}, {"model": "ecommerce.collection", "pk": 3, "fields": {"name": "kathrang-madhubani"}}, {"model": "ecommerce.collection", "pk": 4, "fields": {"name": "rang-soot-sujni"}}, {"model": "ecommerce.product", "pk": 1, "fields": {"product_title": "All-Over Handpainted Madhubani Saree on Desi Tussar Silk - Elephant Motifs", "price": 19999, "product_description": "Experience the soul of Indian heritage with this handpainted Madhubani saree, crafted on pure Desi Tussar silk in its natural, earthy tone. A perfect blend of rustic elegance and meticulous artistry, this saree is a statement of timeless grace.\r\n\r\nThe Anchal is a visual masterpiece, painted with the symbolic Tree of Life, surrounded by regal elephant motifs in striking shades of black and red. It’s highlighted with three rich pink panels and fine zari lines, adding texture and a hint of shimmer.\r\n\r\nRunning across the entire body, the saree features all-over elephant motifs, handpainted with care—each representing strength, wisdom, and tradition. The saree is framed with a bold red border, adorned with floral patterns, giving it a rich, grounded finish.\r\n\r\n⸻\r\n\r\nProduct Highlights:\r\n• Fabric: Authentic Desi Tussar silk with a natural golden-beige tone\r\n• Color Palette: Earthy natural base with red, black, and pink accents\r\n• Anchal: Handpainted with Tree of Life and elephants; accented with zari-lined pink panels\r\n• Body: All-over elephant motifs in traditional Madhubani style\r\n• Border: Bold red border with handpainted floral patterns\r\n• Blouse Piece: Pink 1-metre blouse with Madhubani detailing on sleeves and back\r\n• Care: Dry clean only\r\n\r\n⸻\r\n\r\nWhy You’ll Love It:\r\n\r\nThis saree is a celebration of symbolism and storytelling—from the sacred Tree of Life to the mighty elephants that carry cultural meaning through generations. The fusion of vibrant color, fine brushwork, and natural silk creates a look that is bold, elegant, and deeply rooted in tradition.\r\n\r\nEach piece is one of a kind, hand-painted by skilled artisans who preserve the spirit of Madhubani art through every motif and line.", "product_features": {"fabric_by_style": "DESI TUSSAR SILK", "color": "NATURAL TUSSAR", "crafting_technique": "MADHUBANI", "saree_length": "5.50 m", "saree_width": "46 inch", "blouse": "Blouse Piece (1 m)", "care": ["DRY CLEAN Only", "IRON FROM BACKSIDE"], "dispatch_time": "3 working days", "return_days": "2 working days", "cod_available": false, "product_id": "KJ 845I", "disclaimer": "The product may feature slight irregularities, which are a natural result of the handcrafted process, adding to its unique charm and authenticity."}, "shipping_information": "- Ships within 3 business days.\r\n- Ships in our fully recyclable and biodegradable boxes.", "care_guide": "Regularcare. Use a slightly damp, soft and lint-free cloth for regular dust removal. Always clean in the direction of the grain.", "image_field": ["https://ik.imagekit.io/siddharth637/outer_asset/plp/saree/two.webp?updatedAt=1748981723648", "https://ik.imagekit.io/siddharth637/outer_asset/plp/saree/five.webp?updatedAt=1748981724751"], "description_images": ["https://ik.imagekit.io/siddharth637/outer_asset/plp/saree/two.webp?updatedAt=1748981723648", "https://ik.imagekit.io/siddharth637/outer_asset/plp/saree/five.webp?updatedAt=1748981724751", "https://ik.imagekit.io/siddharth637/outer_asset/plp/saree/five.webp?updatedAt=1748981724751", "https://ik.imagekit.io/siddharth637/outer_asset/plp/saree/five.webp?updatedAt=1748981724751"], "trending": true, "in_stock": true, "brand": 1, "category": 1, "collection": 4}}, {"model": "ecommerce.product", "pk": 2, "fields": {"product_title": "Dancing Doll on Cotton Silk – Grace in Every Move", "price": 5950, "product_description": "Celebrate joy, rhythm, and tradition with the “Dancing Doll on Cotton Silk” saree – a hand-painted Madhubani creation that captures the elegance and spirit of classical Indian dance. This beautiful saree brings to life the image of a graceful doll mid-performance, hand-painted with intricate detail and full of expressive charm.\r\n\r\nCrafted on a soft, breathable cotton silk base, the saree offers the perfect balance of comfort and sophistication. Adorned with shimmering golden zari borders, it radiates festive warmth and traditional luxury. The pallu features a captivating scene of dancing dolls in vibrant attire, echoing the rhythm of Indian folk and classical dance forms.\r\n\r\nEach brushstroke celebrates movement, femininity, and artistic heritage – turning this saree into a wearable piece of performance art.\r\n\r\nKey Features:\r\nFabric: Premium Cotton Silk – light, airy, and elegant\r\nColor: Subtle base with rich multicolor artwork and golden zari highlights (customizable to actual colors)\r\nArtwork: Hand-painted Madhubani depiction of Dancing Dolls in dynamic poses\r\nBlouse: Includes a matching unstitched blouse with complementing design elements\r\nCraftsmanship: 100% hand-painted by skilled Madhubani artists, enhanced with traditional golden zari work\r\n\r\nWhy You’ll Love It:\r\nThe Dancing Doll on Cotton Silk saree is a tribute to rhythm, tradition, and the timeless grace of Indian art forms. Whether worn at cultural events, festive gatherings, or as an artistic statement, it brings movement, color, and celebration to your wardrobe – a perfect harmony of tradition and expression.", "product_features": {"fabric_by_style": "Cotton Silk", "color": "Red with Golden Zari", "crafting_technique": "Madhubani", "saree_length": "5.75m", "saree_width": "45 inch", "blouse": "90cm", "care": ["Dry clean only", "Iron from backside"], "dispatch_time": "3 working days", "return_days": "2 working days", "cod_available": false, "product_id": "KJ 1023A", "disclaimer": "The product may feature slight irregularities, which are a natural result of the handcrafted process, adding to its unique charm and authenticity."}, "shipping_information": "- Ships within 3 business days.\r\n- Ships in our fully recyclable and biodegradable boxes.", "care_guide": "Regularcare. Use a slightly damp, soft and lint-free cloth for regular dust removal. Always clean in the direction of the grain.", "image_field": ["https://ik.imagekit.io/siddharth637/outer_asset/plp/saree/thirteen.webp?updatedAt=1750483181954", "https://ik.imagekit.io/siddharth637/outer_asset/plp/saree/description/prod7.webp?updatedAt=1750483208989"], "description_images": ["https://ik.imagekit.io/siddharth637/outer_asset/plp/saree/thirteen.webp?updatedAt=1750483181954", "https://ik.imagekit.io/siddharth637/outer_asset/plp/saree/description/prod7.webp?updatedAt=1750483208989", "https://ik.imagekit.io/siddharth637/outer_asset/plp/saree/description/pro4.webp?updatedAt=1750483208824", "https://ik.imagekit.io/siddharth637/outer_asset/plp/saree/description/pro3.webp?updatedAt=1750483208750", "https://ik.imagekit.io/siddharth637/outer_asset/plp/saree/description/prod5.webp?updatedAt=1750483209517", "https://ik.imagekit.io/siddharth637/outer_asset/plp/saree/description/prod6.webp?updatedAt=1750483208888"], "trending": true, "in_stock": true, "brand": 1, "category": 1, "collection": 3}}, {"model": "ecommerce.product", "pk": 3, "fields": {"product_title": "Floral, Hand Embroidered Sujni Saree on Tussar Munga Silk", "price": 13500, "product_description": "Experience the elegance of traditional craftsmanship with this stunning saree, beautifully adorned with hand-embroidered Sujni and floral patterns. Crafted on luxurious Tussar Munga Silk, this saree blends rich heritage with contemporary charm.\r\n\r\nThe intricate Sujni embroidery, known for its fine detailing, tells a story of skilled artistry, while the floral motifs bring a touch of nature’s grace to the fabric. The soft, textured feel of Tussar Munga Silk ensures a comfortable drape, making it perfect for any special occasion.\r\n\r\n**Comes with a matching blouse piece** for a complete look.\r\n\r\n**Perfect For:**\r\n- Weddings & festive celebrations\r\n- Cultural events\r\n- Elegant gifting for loved ones\r\n\r\nAdd this unique piece to your collection and showcase the timeless beauty of handwork and fine silk, where every stitch reflects a legacy of craftsmanship and elegance.", "product_features": {"fabric_by_style": "Tussar Munga Silk", "color": "Black", "crafting_technique": "Sujni", "saree_length": "5.50 m", "saree_width": "45 inch", "blouse": "1.15 m", "care": ["Dry clean only", "Iron from backside"], "dispatch_time": "3 working days", "return_days": "2 working days", "cod_available": false, "product_id": "KJ 958", "disclaimer": "The product may feature slight irregularities, which are a natural result of the handcrafted process, adding to its unique charm and authenticity."}, "shipping_information": "- Ships within 3 business days.\r\n- Ships in our fully recyclable and biodegradable boxes.", "care_guide": "Regularcare. Use a slightly damp, soft and lint-free cloth for regular dust removal. Always clean in the direction of the grain.", "image_field": ["https://ik.imagekit.io/siddharth637/outer_asset/plp/saree/description/pro23.webp?updatedAt=1750484791859", "https://ik.imagekit.io/siddharth637/outer_asset/plp/saree/three.webp?updatedAt=1748981723990"], "description_images": ["https://ik.imagekit.io/siddharth637/outer_asset/plp/saree/description/pro23.webp?updatedAt=1750484791859", "https://ik.imagekit.io/siddharth637/outer_asset/plp/saree/three.webp?updatedAt=1748981723990", "https://ik.imagekit.io/siddharth637/outer_asset/plp/saree/description/pro28.webp?updatedAt=1750484792015", "https://ik.imagekit.io/siddharth637/outer_asset/plp/saree/description/pro24.webp?updatedAt=1750484792112", "https://ik.imagekit.io/siddharth637/outer_asset/plp/saree/description/pro26.webp?updatedAt=1750484792041", "https://ik.imagekit.io/siddharth637/outer_asset/plp/saree/description/pro210.webp?updatedAt=1750484791998", "https://ik.imagekit.io/siddharth637/outer_asset/plp/saree/description/pro27.webp?updatedAt=1750484791288"], "trending": true, "in_stock": true, "brand": 1, "category": 2, "collection": 2}}, {"model": "ecommerce.product", "pk": 4, "fields": {"product_title": "Hand-embroidered Hand-painted Murshidabad Silk Saree", "price": 23750, "product_description": "Embrace tradition and craftsmanship with this exquisite hand-painted and hand-embroidered saree on luxurious Murshidabad silk. The saree beautifully captures the essence of Matkor Puja, a celebration of femininity and fertility, intricately depicted through delicate brushstrokes and fine embroidery. Adorning the design are the symbolic peacock and fish motifs, representing beauty, grace, and prosperity.\r\n\r\nThe natural sheen and softness of Murshidabad silk enhance the intricate artwork, making this saree a perfect blend of cultural heritage and artisanal skill. Whether worn for festive occasions or special events, this saree is a timeless piece that narrates a story of tradition and elegance.", "product_features": {"fabric_by_style": "Murshidabad Silk", "color": "Hot Pink", "crafting_technique": "Hand-Embroidery and Madhubani", "saree_length": "5.5 m", "saree_width": "45 inch", "blouse": "1 m", "care": ["Dry clean only", "Iron from backside"], "dispatch_time": "3 working days", "return_days": "2 working days", "cod_available": "No", "product_id": "KJ896", "disclaimer": "The product may feature slight irregularities, which are a natural result of the handcrafted process, adding to its unique charm and authenticity."}, "shipping_information": "- Ships within 3 business days.\r\n- Ships in our fully recyclable and biodegradable boxes.", "care_guide": "Regularcare. Use a slightly damp, soft and lint-free cloth for regular dust removal. Always clean in the direction of the grain.", "image_field": ["https://ik.imagekit.io/siddharth637/outer_asset/plp/saree/description/pro41.webp?updatedAt=1750486189214", "https://ik.imagekit.io/siddharth637/outer_asset/plp/saree/description/pro42.webp?updatedAt=1750486189445"], "description_images": ["https://ik.imagekit.io/siddharth637/outer_asset/plp/saree/description/pro41.webp?updatedAt=1750486189214", "https://ik.imagekit.io/siddharth637/outer_asset/plp/saree/description/pro42.webp?updatedAt=1750486189445", "https://ik.imagekit.io/siddharth637/outer_asset/plp/saree/description/pro43.webp?updatedAt=1750486189791", "https://ik.imagekit.io/siddharth637/outer_asset/plp/saree/description/pro44.webp?updatedAt=1750486190165", "https://ik.imagekit.io/siddharth637/outer_asset/plp/saree/description/pro45.webp?updatedAt=1750486190082", "https://ik.imagekit.io/siddharth637/outer_asset/plp/saree/description/pro46.webp?updatedAt=1750486189956", "https://ik.imagekit.io/siddharth637/outer_asset/plp/saree/description/pro47.webp?updatedAt=1750486189875"], "trending": false, "in_stock": false, "brand": 1, "category": 1, "collection": 1}}, {"model": "ecommerce.order", "pk": 3, "fields": {"user": 3, "total_amount": 59997.0, "placed_at": "2025-06-20T08:17:59.635Z", "name": "Siddharth", "company": "", "address": "sanjay nagar, Bhojpur colony, kankarbagh, patna", "house": "flat", "city": "patna", "state": "bihar", "pin_code": "800020", "phone_number": "6206282386"}}, {"model": "ecommerce.order", "pk": 4, "fields": {"user": 3, "total_amount": 54000.0, "placed_at": "2025-06-21T13:07:24.346Z", "name": "Siddharth", "company": "", "address": "sanjay nagar, Bhojpur colony, kankarbagh, patna", "house": "flat", "city": "patna", "state": "bihar", "pin_code": "800020", "phone_number": "6206282386"}}, {"model": "ecommerce.order", "pk": 5, "fields": {"user": 3, "total_amount": 5950.0, "placed_at": "2025-06-22T04:00:52.567Z", "name": "Siddharth", "company": "", "address": "sanjay nagar, Bhojpur colony, kankarbagh, patna", "house": "flat", "city": "patna", "state": "bihar", "pin_code": "800020", "phone_number": "06206282386"}}, {"model": "ecommerce.order", "pk": 6, "fields": {"user": 3, "total_amount": 39998.0, "placed_at": "2025-06-28T07:50:43.468Z", "name": "Siddharth Singh", "company": "Mridani", "address": "123 Main Street", "house": "Block A, Flat 12", "city": "Mumbai", "state": "Maharashtra", "pin_code": "400001", "phone_number": "9876543210"}}, {"model": "ecommerce.order", "pk": 7, "fields": {"user": 5, "total_amount": 23750.0, "placed_at": "2025-06-28T07:52:39.168Z", "name": "Siddharth", "company": "", "address": "sanjay nagar, Bhojpur colony, kankarbagh, patna", "house": "", "city": "patna", "state": "bihar", "pin_code": "800020", "phone_number": "06206282386"}}, {"model": "ecommerce.order", "pk": 8, "fields": {"user": 5, "total_amount": 39998.0, "placed_at": "2025-06-28T07:53:31.428Z", "name": "Siddharth Singh", "company": "Mridani", "address": "123 Main Street", "house": "Block A, Flat 12", "city": "Mumbai", "state": "Maharashtra", "pin_code": "400001", "phone_number": "9876543210"}}, {"model": "ecommerce.order", "pk": 9, "fields": {"user": 5, "total_amount": 38900.0, "placed_at": "2025-06-28T18:41:00.534Z", "name": "Siddharth", "company": "", "address": "sanjay nagar, Bhojpur colony, kankarbagh, patna", "house": "", "city": "patna", "state": "bihar", "pin_code": "800020", "phone_number": "06206282386"}}, {"model": "ecommerce.order", "pk": 10, "fields": {"user": 6, "total_amount": 45948.0, "placed_at": "2025-06-30T07:29:38.256Z", "name": "Siddharth", "company": "", "address": "sanjay nagar, Bhojpur colony, kankarbagh, patna", "house": "", "city": "patna", "state": "bihar", "pin_code": "800020", "phone_number": "06206282386"}}, {"model": "ecommerce.order", "pk": 11, "fields": {"user": 8, "total_amount": 41600.0, "placed_at": "2025-06-30T09:41:44.562Z", "name": "Siddharth", "company": "", "address": "sanjay nagar, Bhojpur colony, kankarbagh, patna", "house": "", "city": "patna", "state": "bihar", "pin_code": "800020", "phone_number": "06206282386"}}, {"model": "ecommerce.orderitem", "pk": 2, "fields": {"order": 3, "product": 1, "quantity": 3}}, {"model": "ecommerce.orderitem", "pk": 3, "fields": {"order": 4, "product": 3, "quantity": 4}}, {"model": "ecommerce.orderitem", "pk": 4, "fields": {"order": 5, "product": 2, "quantity": 1}}, {"model": "ecommerce.orderitem", "pk": 5, "fields": {"order": 6, "product": 1, "quantity": 2}}, {"model": "ecommerce.orderitem", "pk": 6, "fields": {"order": 7, "product": 4, "quantity": 1}}, {"model": "ecommerce.orderitem", "pk": 7, "fields": {"order": 8, "product": 1, "quantity": 2}}, {"model": "ecommerce.orderitem", "pk": 8, "fields": {"order": 9, "product": 2, "quantity": 2}}, {"model": "ecommerce.orderitem", "pk": 9, "fields": {"order": 9, "product": 3, "quantity": 2}}, {"model": "ecommerce.orderitem", "pk": 10, "fields": {"order": 10, "product": 1, "quantity": 2}}, {"model": "ecommerce.orderitem", "pk": 11, "fields": {"order": 10, "product": 2, "quantity": 1}}, {"model": "ecommerce.orderitem", "pk": 12, "fields": {"order": 11, "product": 2, "quantity": 3}}, {"model": "ecommerce.orderitem", "pk": 13, "fields": {"order": 11, "product": 4, "quantity": 1}}, {"model": "ecommerce.wishlist", "pk": 10, "fields": {"user": 4, "product": 1, "created_at": "2025-06-22T04:46:49.829Z"}}, {"model": "ecommerce.wishlist", "pk": 11, "fields": {"user": 4, "product": 2, "created_at": "2025-06-22T04:46:52.234Z"}}, {"model": "ecommerce.wishlist", "pk": 18, "fields": {"user": 3, "product": 4, "created_at": "2025-07-07T10:28:44.643Z"}}, {"model": "ecommerce.cart", "pk": 19, "fields": {"user": 4, "product": 2, "quantity": 1, "added_at": "2025-06-22T04:47:00.913Z"}}, {"model": "ecommerce.cart", "pk": 22, "fields": {"user": 5, "product": 2, "quantity": 2, "added_at": "2025-06-28T16:20:43.973Z"}}, {"model": "ecommerce.cart", "pk": 23, "fields": {"user": 5, "product": 3, "quantity": 2, "added_at": "2025-06-28T16:20:48.249Z"}}, {"model": "ecommerce.cart", "pk": 25, "fields": {"user": 6, "product": 1, "quantity": 2, "added_at": "2025-06-30T07:29:11.332Z"}}, {"model": "ecommerce.cart", "pk": 26, "fields": {"user": 6, "product": 2, "quantity": 1, "added_at": "2025-06-30T07:29:15.454Z"}}, {"model": "ecommerce.cart", "pk": 27, "fields": {"user": 8, "product": 2, "quantity": 3, "added_at": "2025-06-30T09:40:33.252Z"}}, {"model": "ecommerce.cart", "pk": 28, "fields": {"user": 8, "product": 4, "quantity": 1, "added_at": "2025-06-30T09:41:13.233Z"}}, {"model": "ecommerce.cart", "pk": 29, "fields": {"user": 9, "product": 2, "quantity": 4, "added_at": "2025-06-30T10:06:02.865Z"}}]